{
  "data_dir": "/Users/ryde/Documents/workspaces/\u8102\u8d28\u5206\u5b50\u836f\u7269\u9012\u9001\u6027\u80fd\u9884\u6d4b/\u6700\u65b0\u6574\u7406/lnp-ml/data/external/all_amine_split_for_LiON",
  "y_col": "quantified_delivery",
  "n_splits": 5,
  "split_results": {
    "cv_0": {
      "n_samples": 2037,
      "mse": 0.7886545513325788,
      "rmse": 0.8880622451903801,
      "mae": 0.6877543784155847,
      "r2": 0.0932581633950823,
      "correlation": 0.392311374929795
    },
    "cv_1": {
      "n_samples": 1658,
      "mse": 1.033754621206102,
      "rmse": 1.01673724295223,
      "mae": 0.7387616255484185,
      "r2": 0.1125028601022715,
      "correlation": 0.36625872345742133
    },
    "cv_2": {
      "n_samples": 1615,
      "mse": 0.7723021982152163,
      "rmse": 0.8788072588544181,
      "mae": 0.6676348056050336,
      "r2": 0.21571146545185693,
      "correlation": 0.48232889534779555
    },
    "cv_3": {
      "n_samples": 1754,
      "mse": 0.8548731227367337,
      "rmse": 0.9245934905333985,
      "mae": 0.6985704943044474,
      "r2": 0.1788528564997307,
      "correlation": 0.43034534464045127
    },
    "cv_4": {
      "n_samples": 1520,
      "mse": 0.6837471500706921,
      "rmse": 0.8268900471469541,
      "mae": 0.6290387454956646,
      "r2": 0.27613207572098897,
      "correlation": 0.5356790397266105
    }
  },
  "overall": {
    "n_samples": 8584,
    "mse": 0.8278734457746315,
    "rmse": 0.9098755111412943,
    "mae": 0.6856342259095253,
    "r2": 0.1721265542253685,
    "correlation": 0.43182567556105245
  },
  "summary_stats": {
    "rmse": {
      "mean": 0.9070180569354761,
      "std": 0.0631234750727322,
      "min": 0.8268900471469541,
      "max": 1.01673724295223
    },
    "r2": {
      "mean": 0.17529148423398608,
      "std": 0.06706289614045773,
      "min": 0.0932581633950823,
      "max": 0.27613207572098897
    },
    "mae": {
      "mean": 0.6843520098738297,
      "std": 0.036092020790716446,
      "min": 0.6290387454956646,
      "max": 0.7387616255484185
    },
    "correlation": {
      "mean": 0.4413846756204148,
      "std": 0.061223885190061875,
      "min": 0.36625872345742133,
      "max": 0.5356790397266105
    }
  }
}